Workbook

Sheet Sales_By_City
A1: Row Labels | B1: Sum of net_sales_inr
A2: Alappuzha | B2: 16749.2
A3: Kochi | B3: 28571.4
A4: Kollam | B4: 19907.05
A5: Kottayam | B5: 24844.3
A6: Thiruvananthapuram | B6: 10731.3
A7: Thrissur | B7: 12227.25
A8: Grand Total | B8: 113030.5

Sheet Sales_by_Channel
A1: Row Labels | B1: Sum of net_sales_inr
A2: Online | B2: 64408.75
A3: Store | B3: 48621.75
A4: Grand Total | B4: 113030.5

Sheet ecommerce_sales
A1: order_id | B1: order_date | C1: customer_id | D1: city | E1: category | F1: product | G1: quantity | H1: unit_price_inr | I1: discount_rate | J1: sales_channel | K1: gross_sales_inr | L1: discount_amount_inr | M1: net_sales_inr | N1: Sales Level | O1: Priority Order | P1: Review Flag | Q1: Net Sales per Item
A2: ORD1001 | B2: 46025 | C2: C001 | D2: Kochi | E2: Electronics | F2: Wireless Mouse | G2: 2 | H2: 799 | I2: 0 | J2: Online | K2: 1598 | L2: 0 | M2: 1598 | N2: {=_xlfn.IFS(M2>=3000,"High",M2>=1500,"Medium",TRUE,"Low")} -> Medium | O2: =IF(AND(M2>=S91500,J2="Online"),"Priority","Normal") -> Priority | P2: =IF(OR(M2>=3000,J2="Store"),"Review","Normal") -> Normal | Q2: =IFERROR(M2/G2,"Check data") -> 799
A3: ORD1002 | B3: 46026 | C3: C002 | D3: Kollam | E3: Home | F3: Desk Lamp | G3: 1 | H3: 1299 | I3: 0.05 | J3: Online | K3: 1299 | L3: 64.95 | M3: 1234.05 | N3: {=_xlfn.IFS(M3>=3000,"High",M3>=1500,"Medium",TRUE,"Low")} -> Low | O3: =IF(AND(M3>=1500,J3="Online"),"Priority","Normal") -> Normal | P3: =IF(OR(M3>=3000,J3="Store"),"Review","Normal") -> Normal | Q3: =IFERROR(M3/G3,"Check data") -> 1234.05
A4: ORD1003 | B4: 46028 | C4: C003 | D4: Thiruvananthapuram | E4: Fashion | F4: Backpack | G4: 1 | H4: 1499 | I4: 0.1 | J4: Store | K4: 1499 | L4: 149.9 | M4: 1349.1 | N4: {=_xlfn.IFS(M4>=3000,"High",M4>=1500,"Medium",TRUE,"Low")} -> Low | O4: =IF(AND(M4>=1500,J4="Online"),"Priority","Normal") -> Normal | P4: =IF(OR(M4>=3000,J4="Store"),"Review","Normal") -> Review | Q4: =IFERROR(M4/G4,"Check data") -> 1349.1
A5: ORD1004 | B5: 46032 | C5: C004 | D5: Kochi | E5: Electronics | F5: Keyboard | G5: 1 | H5: 1899 | I5: 0 | J5: Online | K5: 1899 | L5: 0 | M5: 1899 | N5: {=_xlfn.IFS(M5>=3000,"High",M5>=1500,"Medium",TRUE,"Low")} -> Medium | O5: =IF(AND(M5>=1500,J5="Online"),"Priority","Normal") -> Priority | P5: =IF(OR(M5>=3000,J5="Store"),"Review","Normal") -> Normal | Q5: =IFERROR(M5/G5,"Check data") -> 1899
A6: ORD1005 | B6: 46034 | C6: C005 | D6: Alappuzha | E6: Home | F6: Water Bottle | G6: 3 | H6: 399 | I6: 0 | J6: Store | K6: 1197 | L6: 0 | M6: 1197 | N6: {=_xlfn.IFS(M6>=3000,"High",M6>=1500,"Medium",TRUE,"Low")} -> Low | O6: =IF(AND(M6>=1500,J6="Online"),"Priority","Normal") -> Normal | P6: =IF(OR(M6>=3000,J6="Store"),"Review","Normal") -> Review | Q6: =IFERROR(M6/G6,"Check data") -> 399
A7: ORD1006 | B7: 46038 | C7: C006 | D7: Kollam | E7: Fashion | F7: T-shirt | G7: 2 | H7: 599 | I7: 0.05 | J7: Online | K7: 1198 | L7: 59.9 | M7: 1138.1 | N7: {=_xlfn.IFS(M7>=3000,"High",M7>=1500,"Medium",TRUE,"Low")} -> Low | O7: =IF(AND(M7>=1500,J7="Online"),"Priority","Normal") -> Normal | P7: =IF(OR(M7>=3000,J7="Store"),"Review","Normal") -> Normal | Q7: =IFERROR(M7/G7,"Check data") -> 569.05
A8: ORD1007 | B8: 46042 | C8: C001 | D8: Kochi | E8: Electronics | F8: USB-C Hub | G8: 1 | H8: 2199 | I8: 0.1 | J8: Online | K8: 2199 | L8: 219.9 | M8: 1979.1 | N8: {=_xlfn.IFS(M8>=3000,"High",M8>=1500,"Medium",TRUE,"Low")} -> Medium | O8: =IF(AND(M8>=1500,J8="Online"),"Priority","Normal") -> Priority | P8: =IF(OR(M8>=3000,J8="Store"),"Review","Normal") -> Normal | Q8: =IFERROR(M8/G8,"Check data") -> 1979.1
A9: ORD1008 | B9: 46047 | C9: C007 | D9: Thrissur | E9: Home | F9: Office Chair | G9: 1 | H9: 6499 | I9: 0.05 | J9: Store | K9: 6499 | L9: 324.95 | M9: 6174.05 | N9: {=_xlfn.IFS(M9>=3000,"High",M9>=1500,"Medium",TRUE,"Low")} -> High | O9: =IF(AND(M9>=1500,J9="Online"),"Priority","Normal") -> Normal | P9: =IF(OR(M9>=3000,J9="Store"),"Review","Normal") -> Review | Q9: =IFERROR(M9/G9,"Check data") -> 6174.05
A10: ORD1009 | B10: 46055 | C10: C008 | D10: Kochi | E10: Fashion | F10: Sneakers | G10: 1 | H10: 2999 | I10: 0 | J10: Online | K10: 2999 | L10: 0 | M10: 2999 | N10: {=_xlfn.IFS(M10>=3000,"High",M10>=1500,"Medium",TRUE,"Low")} -> Medium | O10: =IF(AND(M10>=1500,J10="Online"),"Priority","Normal") -> Priority | P10: =IF(OR(M10>=3000,J10="Store"),"Review","Normal") -> Normal | Q10: =IFERROR(M10/G10,"Check data") -> 2999
A11: ORD1010 | B11: 46058 | C11: C009 | D11: Kottayam | E11: Electronics | F11: Headphones | G11: 1 | H11: 2499 | I11: 0.1 | J11: Online | K11: 2499 | L11: 249.9 | M11: 2249.1 | N11: {=_xlfn.IFS(M11>=3000,"High",M11>=1500,"Medium",TRUE,"Low")} -> Medium | O11: =IF(AND(M11>=1500,J11="Online"),"Priority","Normal") -> Priority | P11: =IF(OR(M11>=3000,J11="Store"),"Review","Normal") -> Normal | Q11: =IFERROR(M11/G11,"Check data") -> 2249.1
A12: ORD1011 | B12: 46061 | C12: C010 | D12: Alappuzha | E12: Home | F12: Desk Lamp | G12: 2 | H12: 1299 | I12: 0 | J12: Store | K12: 2598 | L12: 0 | M12: 2598 | N12: {=_xlfn.IFS(M12>=3000,"High",M12>=1500,"Medium",TRUE,"Low")} -> Medium | O12: =IF(AND(M12>=1500,J12="Online"),"Priority","Normal") -> Normal | P12: =IF(OR(M12>=3000,J12="Store"),"Review","Normal") -> Review | Q12: =IFERROR(M12/G12,"Check data") -> 1299
A13: ORD1012 | B13: 46064 | C13: C003 | D13: Thiruvananthapuram | E13: Fashion | F13: Backpack | G13: 2 | H13: 1499 | I13: 0.05 | J13: Online | K13: 2998 | L13: 149.9 | M13: 2848.1 | N13: {=_xlfn.IFS(M13>=3000,"High",M13>=1500,"Medium",TRUE,"Low")} -> Medium | O13: =IF(AND(M13>=1500,J13="Online"),"Priority","Normal") -> Priority | P13: =IF(OR(M13>=3000,J13="Store"),"Review","Normal") -> Normal | Q13: =IFERROR(M13/G13,"Check data") -> 1424.05
A14: ORD1013 | B14: 46067 | C14: C011 | D14: Kochi | E14: Electronics | F14: Wireless Mouse | G14: 1 | H14: 799 | I14: 0 | J14: Store | K14: 799 | L14: 0 | M14: 799 | N14: {=_xlfn.IFS(M14>=3000,"High",M14>=1500,"Medium",TRUE,"Low")} -> Low | O14: =IF(AND(M14>=1500,J14="Online"),"Priority","Normal") -> Normal | P14: =IF(OR(M14>=3000,J14="Store"),"Review","Normal") -> Review | Q14: =IFERROR(M14/G14,"Check data") -> 799
... A41: ORD1040 | B41: 46195 | C41: C035 | D41: Kochi | E41: Electronics | F41: Keyboard | G41: 1 | H41: 1899 | I41: 0 | J41: Store | K41: 1899 | L41: 0 | M41: 1899 | N41: {=_xlfn.IFS(M41>=3000,"High",M41>=1500,"Medium",TRUE,"Low")} -> Medium | O41: =IF(AND(M41>=1500,J41="Online"),"Priority","Normal") -> Normal | P41: =IF(OR(M41>=3000,J41="Store"),"Review","Normal") -> Review | Q41: =IFERROR(M41/G41,"Check data") -> 1899

Sheet Formula Analysis
A1: Business Question | B1: Formula / Result
A2: Total net sales | B2: =SUM(ecommerce_sales!M2:M41) -> 113030.5
A3: Kochi net sales | B3: =SUMIF(ecommerce_sales!D2:D41,"Kochi",ecommerce_sales!M2:M41) -> 28571.4
A4: Kochi Electronics sales | B4: =SUMIFS(ecommerce_sales!M2:M41,ecommerce_sales!D2:D41,"Kochi",ecommerce_sales!E2:E41,"Electronics") -> 19029.3
A5: Number of Kochi orders | B5: =COUNTIF(ecommerce_sales!D2:D41,"Kochi") -> 12
A6: Kochi Electronics orders | B6: =COUNTIFS(ecommerce_sales!D2:D41,"Kochi",ecommerce_sales!E2:E41,"Electronics") -> 8

Sheet Dashboard
A1: E-Commerce Sales Dashboard
A3: Total Net Sales | B3: 113030.5 | C3: Total Orders | D3: 40 | E3: Top City | F3: Kochi | G3: Top Category | H3: Home

Sheet sheet
